tempo,media,alunos,id0,id1,id2,id3
30/06/2023 14:07:37,0.640789964752538,7,0.9740999937057495,0.9740999937057495,0.9740999937057495,0.9740999937057495
